{
    "args": {
        "bandwidth": 16000,
        "batch_size": 16,
        "dataset": "sourcefolder",
        "epochs": 300,
        "ext": ".wav",
        "hidden_size": 512,
        "interferer_dirs": [
            "interferer"
        ],
        "lr": 0.001,
        "lr_decay_gamma": 0.3,
        "lr_decay_patience": 50,
        "model": "/home/carranzamoreno9/acordeon_sound_source_separation/open-unmix-512",
        "nb_channels": 1,
        "nb_train_samples": 1305,
        "nb_valid_samples": 146,
        "nb_workers": 0,
        "nfft": 4096,
        "nhop": 1024,
        "no_cuda": false,
        "output": "open-unmix-512",
        "patience": 140,
        "quiet": false,
        "root": "/home/carranzamoreno9/data",
        "seed": 42,
        "seq_dur": 5.0,
        "source_augmentations": [
            "gain",
            "channelswap"
        ],
        "target": "acordeon",
        "target_dir": "acordeon",
        "unidirectional": false,
        "weight_decay": 1e-05
    },
    "best_epoch": 66,
    "best_loss": 5.598377246154498,
    "commit": "cf920c7",
    "epochs_trained": 67,
    "num_bad_epochs": 1,
    "train_loss_history": [
        19.032457138295374,
        8.80373930218576,
        7.347028277751586,
        6.213482933117512,
        5.780843912321946,
        5.315523569245904,
        6.871656195688065,
        7.638845304511059,
        5.642950527512707,
        5.475767816346267,
        4.647671467134322,
        4.554270338372709,
        4.182363837888871,
        4.0806446700260555,
        3.9578953094409344,
        3.7839166038337795,
        3.7589341616721903,
        3.7094601013651296,
        4.065133554085918,
        5.111974028517917,
        4.86319098819718,
        4.56017684717288,
        4.290776761372884,
        4.197826111088311,
        4.01105452131951,
        3.8571002503464507,
        3.6291674562797693,
        3.6173433069981833,
        3.748813695651818,
        3.5296896031989906,
        3.5497680726179217,
        3.468642876431403,
        3.4418869552027678,
        3.3770469833607875,
        3.2802548419470074,
        3.2659069625810644,
        3.2501739302814237,
        3.2041717147461757,
        3.297263520704832,
        3.195045843160929,
        3.1078533886949677,
        3.036996336092894,
        3.066261843063822,
        3.0973780083930356,
        3.124418926604406,
        2.8963548145074953,
        2.991027029994804,
        3.0964549194350552,
        3.4818513227148533,
        2.930158277489673,
        2.96102704325855,
        2.8473492808725642,
        2.7667145244919933,
        2.790441247421206,
        2.711874388186868,
        3.2655529500880918,
        2.8683984091455454,
        2.7856950083911647,
        2.734630000454256,
        2.7454343357305415,
        2.687661882926678,
        2.601528782314724,
        2.6270622282649367,
        2.698684445925599,
        2.6191325315570464,
        2.652573419804774,
        2.6134119421129482,
        2.4990364111246275
    ],
    "train_time_history": [
        166.56072974205017,
        165.14932322502136,
        165.55203819274902,
        164.64247465133667,
        164.9736771583557,
        164.41188144683838,
        164.4754958152771,
        164.61575770378113,
        164.15601682662964,
        164.31992554664612,
        164.74868273735046,
        170.7524173259735,
        164.40529465675354,
        164.24206852912903,
        164.0835542678833,
        164.30726552009583,
        163.8432023525238,
        163.65421390533447,
        163.11384296417236,
        164.23167037963867,
        173.96757221221924,
        165.07656836509705,
        164.63141512870789,
        164.4433777332306,
        163.6840422153473,
        164.14391350746155,
        164.31582808494568,
        163.77976250648499,
        166.97377228736877,
        167.9934480190277,
        164.6402096748352,
        164.65916895866394,
        164.78038597106934,
        164.66970896720886,
        164.69388556480408,
        164.21134757995605,
        164.60189843177795,
        164.00230145454407,
        164.02357506752014,
        164.040269613266,
        164.06371903419495,
        173.23176789283752,
        162.6237277984619,
        162.4943287372589,
        162.65518856048584,
        164.51612329483032,
        170.50133275985718,
        241.5449821949005,
        288.3114483356476,
        303.379567861557,
        295.80413913726807,
        294.81585931777954,
        283.3280882835388,
        198.60785174369812,
        176.76932096481323,
        177.48223733901978,
        177.82754135131836,
        176.1655342578888,
        167.64190673828125,
        172.07213854789734,
        275.992063999176,
        603.9836101531982,
        685.5920557975769,
        692.2305138111115,
        684.9971444606781,
        511.4581391811371
    ],
    "valid_loss_history": [
        13.112456341312356,
        11.341841139205515,
        10.013838707584224,
        8.624064790059442,
        9.50261740570199,
        8.19026585801007,
        12.022713326428034,
        10.347349108898477,
        8.888096832249262,
        8.455089760969763,
        8.109484830131269,
        7.712972917785383,
        7.624108888515054,
        7.467317944520141,
        7.33473638557408,
        7.05954481967508,
        6.920519124971677,
        7.081999844067718,
        7.699849212822849,
        8.79676265830863,
        8.367227328966742,
        8.099262511893494,
        7.7970389438002075,
        7.745100689260927,
        7.171329281101488,
        7.091241986784216,
        7.010260617896302,
        7.120556445154425,
        6.82385743399189,
        6.995574636818612,
        6.83189992463752,
        6.725275669195881,
        6.808098826506367,
        6.495438339775556,
        6.495545300718856,
        6.422577163128004,
        6.349318187530726,
        6.384940861022636,
        6.696965010198828,
        6.331700495661122,
        6.568016617265466,
        6.185370939235165,
        6.4159154573532,
        6.179522337978834,
        6.067694230438912,
        6.034528457955139,
        6.230549539605232,
        6.394529965642381,
        6.4222282710140695,
        5.929985523223877,
        5.809447968659335,
        5.949521735106429,
        5.840945615343852,
        5.861241505570607,
        5.811971751794423,
        6.09407660895831,
        5.972743393623666,
        5.868588437364526,
        5.777798466078223,
        5.72679525695435,
        5.744969761943164,
        5.735918715392073,
        5.74875686715727,
        5.74643150421038,
        5.662877522511025,
        5.764047449582244,
        5.598377246154498,
        5.772804403141754
    ]
}