{
    "args": {
        "bandwidth": 16000,
        "batch_size": 16,
        "dataset": "sourcefolder",
        "epochs": 100,
        "ext": ".wav",
        "hidden_size": 512,
        "interferer_dirs": [
            "interferer"
        ],
        "lr": 0.001,
        "lr_decay_gamma": 0.3,
        "lr_decay_patience": 50,
        "model": null,
        "nb_channels": 1,
        "nb_train_samples": 1000,
        "nb_valid_samples": 100,
        "nb_workers": 0,
        "nfft": 4096,
        "nhop": 1024,
        "no_cuda": false,
        "output": "open-unmix-512",
        "patience": 140,
        "quiet": false,
        "root": "/Users/andres/Documents/acordeon/data",
        "seed": 42,
        "seq_dur": 5.0,
        "source_augmentations": [
            "gain",
            "channelswap"
        ],
        "target": "acordeon",
        "target_dir": "acordeon",
        "unidirectional": false,
        "weight_decay": 1e-05
    },
    "best_epoch": 92,
    "best_loss": 3.008729761838913,
    "commit": "ba8e9f1",
    "epochs_trained": 100,
    "num_bad_epochs": 8,
    "train_loss_history": [
        16.913631156921387,
        6.617478092193603,
        5.41285825920105,
        4.323748516082763,
        3.834940668106079,
        3.2894083709716795,
        3.3851630420684815,
        3.105684341430664,
        2.8822665424346923,
        3.4412540035247803,
        3.372471832275391,
        2.9087791175842286,
        2.499457942008972,
        2.4391715450286866,
        2.3067822999954224,
        2.1553444452285766,
        2.081017828941345,
        2.0906385402679444,
        2.0109362525939942,
        1.7945433597564697,
        1.8464188194274902,
        1.8349462232589722,
        1.7793367071151733,
        1.7351268758773803,
        1.6504128112792968,
        1.6790215291976929,
        1.6268235263824462,
        1.5815679397583007,
        1.6211386003494264,
        1.506105073928833,
        1.4471298208236694,
        1.5413470792770385,
        1.602209023475647,
        1.6233005962371827,
        1.468600227355957,
        1.7539612550735473,
        2.278815489768982,
        2.053750471115112,
        1.7720213117599488,
        1.7045492420196533,
        1.5309407825469972,
        1.475322998046875,
        1.4273315396308899,
        1.3811533107757568,
        1.407816997528076,
        1.2667389888763427,
        1.3892723970413208,
        1.313854543685913,
        1.286067808151245,
        1.2008409461975098,
        1.3471861610412597,
        1.5381573543548583,
        1.3750590686798096,
        1.2029216632843018,
        1.2327624983787537,
        1.3059894227981568,
        1.2312773509025574,
        1.2450524253845214,
        1.2071567797660827,
        1.153038504600525,
        1.169915514945984,
        1.1122955479621888,
        1.163008424282074,
        1.119490322113037,
        1.2000222845077515,
        1.180637890815735,
        1.0999928092956544,
        1.2410124359130859,
        1.1592714881896973,
        1.0895638847351075,
        1.080815137386322,
        1.046874448299408,
        1.0923344411849976,
        1.0573862900733948,
        1.0978404335975647,
        1.0288547639846801,
        1.0342716546058655,
        1.0033822932243348,
        1.0171750884056092,
        1.0022751998901367,
        1.0021331911087037,
        0.930326042175293,
        1.0142303805351258,
        0.9781114339828492,
        1.0193053345680236,
        1.0217447624206544,
        0.9465449709892273,
        1.0421311750411988,
        1.067401008605957,
        1.0188657183647156,
        0.9712092332839966,
        0.9290490713119507,
        0.9545439310073852,
        0.9623860993385315,
        1.0387453131675721,
        1.9208872394561767,
        1.4531529121398925,
        1.3794659337997437,
        1.1265143756866456,
        1.0646069622039795
    ],
    "train_time_history": [
        373.7879753112793,
        332.91898107528687,
        428.80759382247925,
        489.9938418865204,
        436.49837374687195,
        404.0300121307373,
        385.86210894584656,
        423.18087697029114,
        377.78127098083496,
        429.9138901233673,
        371.6610028743744,
        322.42358326911926,
        317.0190317630768,
        316.9314250946045,
        318.40943789482117,
        321.4446482658386,
        312.42952609062195,
        315.84497809410095,
        312.6768980026245,
        311.7477140426636,
        312.9531168937683,
        312.20115900039673,
        313.6681458950043,
        310.2966368198395,
        309.838073015213,
        310.6680428981781,
        310.9229140281677,
        311.50460386276245,
        310.4678180217743,
        310.41589403152466,
        309.35800075531006,
        310.5868310928345,
        309.03831911087036,
        308.7283320426941,
        307.9877259731293,
        306.86027693748474,
        308.05483317375183,
        306.5913269519806,
        306.87955117225647,
        306.1243591308594,
        307.75785207748413,
        306.17187666893005,
        305.4340851306915,
        304.7371070384979,
        305.64479088783264,
        305.0437161922455,
        308.4964032173157,
        304.97333884239197,
        305.3188991546631,
        305.147274017334,
        304.8382091522217,
        304.70231890678406,
        308.05838894844055,
        306.52970790863037,
        304.43314003944397,
        306.6959853172302,
        306.6539089679718,
        305.7252080440521,
        305.3288016319275,
        304.2387840747833,
        306.06351685523987,
        306.854434967041,
        306.6471118927002,
        307.8930358886719,
        310.2800371646881,
        306.97490882873535,
        307.3804829120636,
        309.437655210495,
        310.391952753067,
        309.41503405570984,
        309.0620000362396,
        309.2348680496216,
        309.8819410800934,
        309.4414598941803,
        310.3684821128845,
        310.48061895370483,
        309.95796823501587,
        310.2889449596405,
        311.05792474746704,
        312.6369569301605,
        315.79784393310547,
        324.6641888618469,
        331.42808079719543,
        335.39264488220215,
        339.6081008911133,
        344.4324269294739,
        346.23567271232605,
        341.61249709129333,
        339.5884029865265,
        340.0585641860962,
        340.9461009502411,
        339.418429851532,
        337.78997015953064,
        339.97538590431213,
        336.8329179286957,
        337.02718591690063,
        337.7304759025574,
        339.9090759754181,
        339.3409991264343
    ],