{
    "args": {
        "bandwidth": 16000,
        "batch_size": 16,
        "dataset": "sourcefolder",
        "epochs": 100,
        "ext": ".wav",
        "hidden_size": 512,
        "interferer_dirs": [
            "interferer"
        ],
        "lr": 0.001,
        "lr_decay_gamma": 0.3,
        "lr_decay_patience": 50,
        "model": null,
        "nb_channels": 1,
        "nb_train_samples": 1305,
        "nb_valid_samples": 146,
        "nb_workers": 0,
        "nfft": 4096,
        "nhop": 1024,
        "no_cuda": false,
        "output": "open-unmix-512",
        "patience": 140,
        "quiet": false,
        "root": "/home/carranzamoreno9/data",
        "seed": 42,
        "seq_dur": 5.0,
        "source_augmentations": [
            "gain",
            "channelswap"
        ],
        "target": "acordeon",
        "target_dir": "acordeon",
        "unidirectional": false,
        "weight_decay": 1e-05
    },
    "best_epoch": 40,
    "best_loss": 6.331700495661122,
    "commit": "f3cd639",
    "epochs_trained": 41,
    "num_bad_epochs": 1,
    "train_loss_history": [
        19.032457138295374,
        8.80373930218576,
        7.347028277751586,
        6.213482933117512,
        5.780843912321946,
        5.315523569245904,
        6.871656195688065,
        7.638845304511059,
        5.642950527512707,
        5.475767816346267,
        4.647671467134322,
        4.554270338372709,
        4.182363837888871,
        4.0806446700260555,
        3.9578953094409344,
        3.7839166038337795,
        3.7589341616721903,
        3.7094601013651296,
        4.065133554085918,
        5.111974028517917,
        4.86319098819718,
        4.56017684717288,
        4.290776761372884,
        4.197826111088311,
        4.01105452131951,
        3.8571002503464507,
        3.6291674562797693,
        3.6173433069981833,
        3.748813695651818,
        3.5296896031989906,
        3.5497680726179217,
        3.468642876431403,
        3.4418869552027678,
        3.3770469833607875,
        3.2802548419470074,
        3.2659069625810644,
        3.2501739302814237,
        3.2041717147461757,
        3.297263520704832,
        3.195045843160929,
        3.1078533886949677
    ],
    "train_time_history": [
        166.56072974205017,
        165.14932322502136,
        165.55203819274902,
        164.64247465133667,
        164.9736771583557,
        164.41188144683838,
        164.4754958152771,
        164.61575770378113,
        164.15601682662964,
        164.31992554664612,
        164.74868273735046,
        170.7524173259735,
        164.40529465675354,
        164.24206852912903,
        164.0835542678833,
        164.30726552009583,
        163.8432023525238,
        163.65421390533447,
        163.11384296417236,
        164.23167037963867,
        173.96757221221924,
        165.07656836509705,
        164.63141512870789,
        164.4433777332306,
        163.6840422153473,
        164.14391350746155,
        164.31582808494568,
        163.77976250648499,
        166.97377228736877,
        167.9934480190277,
        164.6402096748352,
        164.65916895866394,
        164.78038597106934,
        164.66970896720886,
        164.69388556480408,
        164.21134757995605,
        164.60189843177795,
        164.00230145454407,
        164.02357506752014,
        164.040269613266
    ],
    "valid_loss_history": [
        13.112456341312356,
        11.341841139205515,
        10.013838707584224,
        8.624064790059442,
        9.50261740570199,
        8.19026585801007,
        12.022713326428034,
        10.347349108898477,
        8.888096832249262,
        8.455089760969763,
        8.109484830131269,
        7.712972917785383,
        7.624108888515054,
        7.467317944520141,
        7.33473638557408,
        7.05954481967508,
        6.920519124971677,
        7.081999844067718,
        7.699849212822849,
        8.79676265830863,
        8.367227328966742,
        8.099262511893494,
        7.7970389438002075,
        7.745100689260927,
        7.171329281101488,
        7.091241986784216,
        7.010260617896302,
        7.120556445154425,
        6.82385743399189,
        6.995574636818612,
        6.83189992463752,
        6.725275669195881,
        6.808098826506367,
        6.495438339775556,
        6.495545300718856,
        6.422577163128004,
        6.349318187530726,
        6.384940861022636,
        6.696965010198828,
        6.331700495661122,
        6.568016617265466
    ]
}